{
  "errno": 0,
  "result": [
    {
      "id": "1",
      "type": "",
      "name": "",
      "price": "",
      "description": ""
    },
    {
      "id": "2",
      "type": "",
      "name": "",
      "price": "",
      "description": ""
    },
    {
      "id": "3",
      "type": "",
      "name": "",
      "price": "",
      "description": ""
    },
    {
      "id": "4",
      "type": "",
      "name": "",
      "price": "",
      "description": ""
    },
    {
      "id": "5",
      "type": "",
      "name": "",
      "price": "",
      "description": ""
    }
  ]
}